{"metadata":{"asset_id":"a637c268-f4c8-43f9-b705-6dff9090e135","asset_attributes":["data_asset"],"name":"aavail-streams.csv","asset_type":"data_asset","created_at":"2019-08-26T14:29:43Z","description":"","origin_country":"us","owner_id":"IBMid-270007ESMR","project_id":"173eb1f0-cb37-40b9-beeb-240df309d049","sandbox_id":"173eb1f0-cb37-40b9-beeb-240df309d049","size":435744,"tags":[],"usage":{"last_update_time":1566829785826,"last_updated_at":"2019-08-26T14:29:45Z"}},"entity":{"data_asset":{"mime_type":"text/csv","dataset":false}},"attachments":[{"id":"2f265a7f-b17f-4495-9f86-ef6aa64f7b30","version":2,"asset_type":"data_asset","name":"aavail-streams.csv","mime":"text/csv","object_key":"aavail-streams.csv","create_time":1566829785826,"size":435744,"is_remote":false,"is_managed":false,"is_referenced":true,"is_object_key_read_only":true,"is_user_provided_path_key":true,"transfer_complete":true,"is_partitioned":false,"complete_time_ticks":1566829785826,"user_data":{},"test_doc":0,"handle":{"bucket":"aienterpriseworkflowmodule1casest-donotdelete-pr-qwt6qhnjsctfni","location":"us-geo","key":"aavail-streams.csv","upload_id":"done","max_part_num":1},"usage":{"access_count":0,"last_accessor_id":"IBMid-270007ESMR","last_access_time":1566829785826}}]}
